5.5808046e-06,1.4171801e-06,8.248624e-06,-1.7960701,-1.3888855,-0.23437569,-1.6453211,-0.8472707,0.12595743,-1.2445972,-0.12415458,0.36426646,-0.58918846,0.5588846,0.3834681,-1.2976354,-2.753337,-0.93118584,-1.100046,-2.4226997,-0.6228795,-0.8507796,-1.9696778,-0.24479957,-0.6581016,-1.1376367,0.09254366,-0.7819602,-3.345952,-1.447171,-0.54098034,-2.7800214,-1.05495,-0.33326697,-2.1147914,-0.6401268,-0.19737804,-1.1900617,-0.2637751,-0.2866311,-2.9128857,-1.8341246,-0.06678358,-2.4018447,-1.3989103,0.12658125,-1.8532115,-0.9594385,0.18002635,-1.0294983,-0.5585743,0.19337726,-1.9141405,-2.0601006,0.3859328,-1.6170545,-1.6531222,0.4936205,-1.3462662,-1.3522038,0.5675516,-0.62351733,-0.85435903
5.5808046e-06,1.4171801e-06,8.248624e-06,-1.7960701,-1.3888855,-0.23437569,-1.6453211,-0.8472707,0.12595743,-1.2445972,-0.12415458,0.36426646,-0.58918846,0.5588846,0.3834681,-1.2976354,-2.753337,-0.93118584,-1.100046,-2.4226997,-0.6228795,-0.8507796,-1.9696778,-0.24479957,-0.6581016,-1.1376367,0.09254366,-0.7819602,-3.345952,-1.447171,-0.54098034,-2.7800214,-1.05495,-0.33326697,-2.1147914,-0.6401268,-0.19737804,-1.1900617,-0.2637751,-0.2866311,-2.9128857,-1.8341246,-0.06678358,-2.4018447,-1.3989103,0.12658125,-1.8532115,-0.9594385,0.18002635,-1.0294983,-0.5585743,0.19337726,-1.9141405,-2.0601006,0.3859328,-1.6170545,-1.6531222,0.4936205,-1.3462662,-1.3522038,0.5675516,-0.62351733,-0.85435903
5.50645e-06,1.5999501e-06,8.484644e-06,-1.8086526,-1.4138374,-0.20495117,-1.6539712,-0.8596499,0.1315983,-1.2577701,-0.12595811,0.35474643,-0.6026913,0.56594115,0.36310005,-1.2681549,-2.8309155,-0.8764197,-1.0743827,-2.46891,-0.5736718,-0.832553,-1.9931722,-0.20723532,-0.65304047,-1.1480294,0.11227578,-0.7386732,-3.3891015,-1.3718936,-0.5087882,-2.8086998,-0.99339515,-0.31084374,-2.1382005,-0.5949801,-0.18571548,-1.2046568,-0.24096143,-0.24335569,-2.96258,-1.7693471,-0.034178436,-2.4336674,-1.3450478,0.14924675,-1.8730206,-0.9183117,0.19355258,-1.0451543,-0.53796786,0.23199713,-1.9679376,-2.020042,0.4139225,-1.654016,-1.6206702,0.5162454,-1.3769895,-1.327073,0.5798088,-0.64200866,-0.8439801
5.8624196e-06,1.5339872e-06,8.745597e-06,-1.7874463,-1.4638274,-0.16147411,-1.6318836,-0.908729,0.17298073,-1.2448809,-0.16311063,0.39869484,-0.60271883,0.5514782,0.3958114,-1.2566496,-2.867084,-0.89132464,-1.0553422,-2.500587,-0.5848336,-0.8052431,-2.018417,-0.2141156,-0.63216436,-1.1686009,0.114248306,-0.7298692,-3.4022112,-1.4110284,-0.49598676,-2.8151217,-1.0280335,-0.29465985,-2.1437516,-0.62315524,-0.17476726,-1.2100036,-0.2590474,-0.2600947,-2.9503675,-1.8223709,-0.043877482,-2.4234273,-1.3934464,0.14648488,-1.8626047,-0.9619819,0.1910701,-1.03689,-0.5686321,0.1827637,-1.9402564,-2.0756,0.37579083,-1.6286439,-1.6754477,0.48747587,-1.3539271,-1.3804228,0.55868506,-0.620653,-0.884499
6.0176394e-06,1.2844935e-06,8.609386e-06,-1.7769134,-1.5014505,-0.15532446,-1.618042,-0.9513268,0.18893707,-1.2379267,-0.20465468,0.42516297,-0.6087901,0.5265142,0.42700642,-1.2156413,-2.8855202,-0.9328759,-1.0125204,-2.514325,-0.6248257,-0.7633438,-2.0336134,-0.24880514,-0.60085166,-1.1917226,0.098059475,-0.68622017,-3.3914223,-1.4876428,-0.453876,-2.8046393,-1.0931338,-0.2582867,-2.1355546,-0.6755593,-0.15205182,-1.2105302,-0.29069582,-0.23828807,-2.928019,-1.9097594,-0.020741224,-2.3945131,-1.4647789,0.16786663,-1.8322489,-1.018914,0.20022053,-1.0181118,-0.6065564,0.17546833,-1.8886029,-2.1476882,0.37177223,-1.5754387,-1.7388483,0.48207355,-1.3032031,-1.4394189,0.547654,-0.5834073,-0.92377865
6.1828123e-06,1.2106186e-06,8.311443e-06,-1.7839122,-1.4661652,-0.16318136,-1.6181109,-0.92595816,0.19706345,-1.2248942,-0.19036011,0.43901747,-0.5888845,0.5270797,0.4444926,-1.2701473,-2.8188617,-0.9744122,-1.0595603,-2.4686003,-0.6607281,-0.80018854,-2.0077682,-0.27773088,-0.6187657,-1.1755496,0.085414335,-0.7666454,-3.3299987,-1.5411861,-0.5190919,-2.7653723,-1.1399673,-0.30606627,-2.111963,-0.711327,-0.17693458,-1.1974329,-0.30662116,-0.31661338,-2.8743548,-1.950972,-0.08247581,-2.3622897,-1.502041,0.12196146,-1.8157406,-1.0496325,0.17546877,-1.0075186,-0.6211649,0.11511177,-1.8492604,-2.1686106,0.32403,-1.549171,-1.756247,0.4430799,-1.2849456,-1.4543418,0.52831256,-0.574168,-0.93037325
6.158735e-06,1.1434097e-06,8.373165e-06,-1.7719505,-1.4547851,-0.19015968,-1.6150805,-0.91975087,0.17808479,-1.2238493,-0.18479578,0.42820105,-0.58688986,0.5297711,0.4404884,-1.2771101,-2.8034697,-0.98633313,-1.0678258,-2.45852,-0.66989887,-0.80924785,-1.9999198,-0.28433788,-0.6266134,-1.1688269,0.07949803,-0.7709198,-3.3292785,-1.5477211,-0.52497137,-2.764119,-1.1441741,-0.3132424,-2.1070805,-0.7136269,-0.18284594,-1.1935511,-0.30845997,-0.31768632,-2.8708975,-1.9524069,-0.08489713,-2.3614922,-1.5021871,0.118481904,-1.8168377,-1.0486616,0.17297138,-1.0064396,-0.61954314,0.116089106,-1.8491281,-2.1654627,0.32461625,-1.5518295,-1.7516292,0.44463968,-1.2883807,-1.4479438,0.53096145,-0.576093,-0.9243628
6.087197e-06,1.2554171e-06,8.270489e-06,-1.7633016,-1.4862918,-0.16735378,-1.6073191,-0.9434993,0.19255608,-1.2244842,-0.20237485,0.4315205,-0.59782517,0.5225487,0.4360357,-1.2262061,-2.8377512,-0.9445839,-1.0211437,-2.4844818,-0.63565683,-0.7701771,-2.0171096,-0.25789723,-0.60140204,-1.1817136,0.094616726,-0.70954376,-3.362603,-1.5083286,-0.47199178,-2.7874093,-1.1108905,-0.27135986,-2.1203241,-0.6885827,-0.15834843,-1.2010115,-0.29507276,-0.26569894,-2.9060712,-1.9254714,-0.040296033,-2.3813818,-1.4784257,0.1548442,-1.8237791,-1.0285847,0.19210051,-1.0095426,-0.60979784,0.14973581,-1.8721913,-2.1520295,0.35408372,-1.562805,-1.7392492,0.46784163,-1.2922244,-1.4382225,0.53957015,-0.5752996,-0.92171955
5.895488e-06,1.3941433e-06,8.421208e-06,-1.8016472,-1.4567893,-0.1647579,-1.6395867,-0.9054292,0.17694706,-1.2456341,-0.16455473,0.40435,-0.60134566,0.54744476,0.4043495,-1.2586496,-2.867595,-0.89859474,-1.0546451,-2.4977505,-0.5937429,-0.8048857,-2.0163689,-0.22431822,-0.62999207,-1.1705045,0.108322315,-0.73454213,-3.4047384,-1.4361514,-0.49695575,-2.8156993,-1.0477908,-0.29460087,-2.1394863,-0.63840973,-0.17530778,-1.2083833,-0.26911125,-0.26748285,-2.9585607,-1.8542715,-0.045877278,-2.4220812,-1.4165223,0.14603353,-1.8554204,-0.9773372,0.18801132,-1.0315708,-0.5797651,0.17643082,-1.9337511,-2.1014109,0.37238574,-1.6177846,-1.6927657,0.4822259,-1.3410184,-1.3954499,0.55306846,-0.61151993,-0.8950541
5.9081913e-06,1.2120345e-06,8.33077e-06,-1.8002033,-1.4428687,-0.1947771,-1.636269,-0.9020065,0.16254538,-1.2403471,-0.17021465,0.40625617,-0.5953674,0.53782535,0.42119843,-1.2720511,-2.8175976,-0.9692584,-1.0672518,-2.4640276,-0.6566164,-0.8141043,-2.0003011,-0.27498794,-0.63273305,-1.1673442,0.08109845,-0.7553972,-3.3438253,-1.5184051,-0.5145402,-2.7737699,-1.1183472,-0.3075331,-2.1157372,-0.69328576,-0.18073374,-1.1979903,-0.29793537,-0.28725746,-2.8959987,-1.9218132,-0.06256536,-2.376768,-1.4745344,0.13354866,-1.8265722,-1.0236952,0.18197106,-1.0153097,-0.60445565,0.162121,-1.8735088,-2.142387,0.3600805,-1.5704583,-1.7291627,0.47174984,-1.3034798,-1.4264292,0.54747033,-0.5893995,-0.9084612
5.6387844e-06,1.3707142e-06,8.601414e-06,-1.7737173,-1.452188,-0.24278972,-1.6311538,-0.9052096,0.11453986,-1.2495273,-0.16672383,0.3618823,-0.60974693,0.5444974,0.38823473,-1.2318555,-2.8237045,-0.96444786,-1.0387982,-2.4726102,-0.64911294,-0.7996193,-2.0049477,-0.26423618,-0.63307166,-1.1647538,0.082070805,-0.6963122,-3.3697007,-1.481827,-0.4700442,-2.7957647,-1.0826588,-0.27948165,-2.1273153,-0.6618144,-0.16811532,-1.2026627,-0.2788421,-0.21813414,-2.927136,-1.8758028,-0.008051977,-2.4055164,-1.4285764,0.17219429,-1.8479968,-0.98099595,0.20533276,-1.0262771,-0.57502216,0.2332573,-1.9118282,-2.0962472,0.4193907,-1.6033291,-1.6807278,0.5227081,-1.3316846,-1.3789922,0.58144367,-0.60666525,-0.8730491
5.6425097e-06,1.1921695e-06,8.383997e-06,-1.8062603,-1.4326892,-0.23089316,-1.6475937,-0.8908924,0.12726444,-1.2530292,-0.16153671,0.3749311,-0.6045587,0.5417111,0.40212718,-1.2574037,-2.8163218,-0.9709456,-1.0581508,-2.4653168,-0.65837944,-0.8118872,-2.0001955,-0.27562243,-0.63554657,-1.1656532,0.075616784,-0.72452724,-3.3602283,-1.5076492,-0.49134877,-2.78537,-1.1060898,-0.29304814,-2.121298,-0.6816169,-0.1746908,-1.1991229,-0.2918181,-0.24393895,-2.912268,-1.9058961,-0.029617548,-2.38948,-1.4571234,0.15680383,-1.8352112,-1.0055683,0.19544046,-1.0200428,-0.5911124,0.21270972,-1.8854725,-2.125015,0.4014222,-1.5813354,-1.7097836,0.5059471,-1.3126875,-1.4053891,0.5689823,-0.5972799,-0.8898791
5.5292544e-06,1.5080493e-06,8.189137e-06,-1.7746003,-1.396973,-0.26018104,-1.6304867,-0.85779184,0.107135236,-1.2400957,-0.1367038,0.35383692,-0.5928514,0.5485843,0.385839,-1.2697558,-2.710188,-0.96681726,-1.07937,-2.4004042,-0.6540744,-0.83289427,-1.9657182,-0.2678979,-0.6455449,-1.1389014,0.081712,-0.7512416,-3.287469,-1.4780455,-0.5183879,-2.7448623,-1.0842596,-0.3165703,-2.1005635,-0.6636926,-0.18449686,-1.1861914,-0.27155662,-0.26073492,-2.8551717,-1.8513443,-0.047017843,-2.3671052,-1.4170703,0.1424119,-1.8359454,-0.9746492,0.19239761,-1.0209525,-0.5620309,0.21253383,-1.8723127,-2.0644596,0.40265346,-1.5840576,-1.6579309,0.509508,-1.3234483,-1.355971,0.5773166,-0.60994875,-0.85033274
5.3289364e-06,1.4674331e-06,8.430795e-06,-1.741946,-1.3988384,-0.31628153,-1.6207247,-0.8614669,0.06482136,-1.2410297,-0.13990529,0.32537165,-0.5995615,0.5457315,0.37291905,-1.2354101,-2.7044995,-1.0106754,-1.053089,-2.401127,-0.68973553,-0.81927884,-1.9648052,-0.2911979,-0.6458728,-1.135448,0.06257105,-0.7113608,-3.3013735,-1.5178035,-0.48551518,-2.7575762,-1.1082231,-0.2948466,-2.1014538,-0.67509115,-0.17695536,-1.1815518,-0.2766099,-0.21460846,-2.8530715,-1.875463,-0.008486897,-2.374646,-1.4270763,0.17082776,-1.8411222,-0.97321063,0.2076698,-1.0180699,-0.55530113,0.25869757,-1.8684269,-2.0615292,0.44318727,-1.5856707,-1.6450133,0.5439236,-1.3240867,-1.337301,0.601493,-0.607723,-0.8295457
5.2222013e-06,1.5367243e-06,8.417867e-06,-1.7457919,-1.3968598,-0.3098264,-1.626611,-0.8550621,0.06338978,-1.2468455,-0.13117819,0.31660834,-0.6022923,0.55203795,0.35913116,-1.2299479,-2.7268174,-0.9742656,-1.050175,-2.4153287,-0.65810776,-0.8196003,-1.9695408,-0.2665107,-0.6484242,-1.1339678,0.0727055,-0.69875777,-3.344877,-1.4735214,-0.47584242,-2.7855475,-1.0681071,-0.28960463,-2.1143963,-0.64386404,-0.17640716,-1.185159,-0.26140147,-0.19615287,-2.8894784,-1.834882,0.004766643,-2.4007475,-1.3919855,0.17930964,-1.8575845,-0.94386345,0.21091004,-1.0264268,-0.5389751,0.27804977,-1.9018803,-2.033587,0.4580912,-1.6126021,-1.6198438,0.5558946,-1.3450679,-1.3135648,0.6080609,-0.62072694,-0.815873
5.0324525e-06,1.6051586e-06,8.291177e-06,-1.7481407,-1.396641,-0.3325378,-1.629472,-0.85654116,0.04212612,-1.253695,-0.13684005,0.3010598,-0.60991997,0.54474694,0.3550915,-1.2034545,-2.7143774,-1.0020561,-1.0294003,-2.4084868,-0.68441486,-0.8048544,-1.9674307,-0.28842568,-0.63976485,-1.1375442,0.058175758,-0.6621121,-3.3246605,-1.5011255,-0.44671434,-2.773345,-1.0905436,-0.2688059,-2.1093688,-0.6612002,-0.16394581,-1.1833173,-0.26985085,-0.15341625,-2.8654068,-1.851844,0.03768477,-2.3822753,-1.4060465,0.20354734,-1.844164,-0.95287305,0.22524601,-1.0209017,-0.5413851,0.32497537,-1.8760904,-2.0389056,0.49502864,-1.5900092,-1.6245669,0.5848889,-1.3264182,-1.3156786,0.62261766,-0.61133283,-0.8105393
4.9990435e-06,1.4077368e-06,8.31679e-06,-1.7492836,-1.381654,-0.3753996,-1.631706,-0.8516824,0.014316261,-1.2554986,-0.1397541,0.2920293,-0.6102216,0.5378934,0.3644896,-1.2039768,-2.69117,-1.0699294,-1.0303172,-2.3916645,-0.74391055,-0.80690104,-1.9586997,-0.3369506,-0.64262515,-1.1368272,0.029023819,-0.661889,-3.286808,-1.5815845,-0.44741097,-2.7462723,-1.156549,-0.27017158,-2.0933692,-0.7109967,-0.16525081,-1.1761777,-0.2973481,-0.15120468,-2.8183308,-1.918807,0.038874328,-2.3487453,-1.4609475,0.20400634,-1.8225883,-0.9941413,0.22584076,-1.0086739,-0.56299454,0.3295761,-1.827592,-2.0793624,0.4988132,-1.5527573,-1.6582062,0.5879195,-1.2971796,-1.3418765,0.6256916,-0.5943369,-0.82043153
4.9000773e-06,1.1989382e-06,8.374793e-06,-1.7390659,-1.3843721,-0.41545343,-1.6258931,-0.8628391,-0.015066922,-1.2570754,-0.1572073,0.2810796,-0.61842763,0.5225886,0.3721243,-1.1666365,-2.6931808,-1.1491115,-0.9965172,-2.3895743,-0.8121406,-0.78186,-1.9569554,-0.39298943,-0.63169223,-1.1430732,-0.004993856,-0.6185697,-3.247596,-1.6715246,-0.41156036,-2.7177007,-1.2293463,-0.24342313,-2.077399,-0.76583195,-0.15110213,-1.1693625,-0.32786343,-0.10902202,-2.7669451,-1.9910036,0.073228106,-2.3086474,-1.5187161,0.22936729,-1.7931811,-1.037429,0.24052516,-0.9916933,-0.58575064,0.36617747,-1.7703637,-2.1185694,0.52781034,-1.5039296,-1.6906753,0.6113937,-1.2557707,-1.367985,0.63834333,-0.5677508,-0.82935965
5.183036e-06,1.1941165e-06,8.2238275e-06,-1.7891306,-1.3388796,-0.36218187,-1.6529431,-0.8170266,0.03486067,-1.2555549,-0.11752342,0.31510517,-0.59346366,0.54381865,0.3837386,-1.2697964,-2.6791143,-1.1005574,-1.0824852,-2.3727558,-0.7684187,-0.8471825,-1.9393446,-0.35868654,-0.6662076,-1.1245319,0.018581271,-0.753619,-3.254139,-1.6362983,-0.5195854,-2.7223072,-1.2001734,-0.321984,-2.0797725,-0.74402416,-0.19428053,-1.1677582,-0.31569204,-0.23802605,-2.7871962,-1.9704207,-0.03060016,-2.3283548,-1.5043736,0.1517277,-1.8105557,-1.028875,0.19652012,-1.0036541,-0.58423275,0.26217523,-1.804694,-2.113359,0.4431909,-1.5383347,-1.6896993,0.5407789,-1.2880982,-1.3708653,0.60175115,-0.59234333,-0.8402639
4.836826e-06,1.691493e-06,8.468073e-06,-1.7746649,-1.4061342,-0.30544782,-1.6464607,-0.85582215,0.044891834,-1.2693765,-0.13177375,0.2869802,-0.62361383,0.5527773,0.3276401,-1.1649113,-2.8357968,-0.9723169,-0.9941793,-2.468534,-0.65435165,-0.7871218,-1.9833803,-0.27144462,-0.6426992,-1.1442287,0.062486872,-0.6140623,-3.3933885,-1.4512696,-0.40938032,-2.8140993,-1.0423623,-0.24407886,-2.1344013,-0.6233087,-0.15625247,-1.1945455,-0.25484186,-0.09373233,-2.9547231,-1.8011649,0.08453959,-2.432258,-1.3537534,0.23309208,-1.8655149,-0.9081971,0.2396366,-1.0343304,-0.5213178,0.3988606,-1.9552526,-1.9930756,0.54842544,-1.6395837,-1.5789541,0.62359214,-1.3580781,-1.2770376,0.64253867,-0.6282201,-0.7916805
4.3602845e-06,1.4815012e-06,8.759543e-06,-1.7349391,-1.4110608,-0.4360652,-1.6363696,-0.863297,-0.07467586,-1.28069,-0.13497889,0.1984947,-0.6432195,0.5556353,0.2864789,-1.1239522,-2.8097749,-1.0142628,-0.96954995,-2.4627564,-0.69039035,-0.7770386,-1.9891951,-0.29652512,-0.6447332,-1.1463183,0.036234334,-0.53184164,-3.394484,-1.4486891,-0.3524871,-2.8151155,-1.0397604,-0.21065818,-2.1337574,-0.61943215,-0.14083378,-1.1975554,-0.2545959,0.0020344257,-2.95505,-1.7836715,0.15665983,-2.4337492,-1.3331745,0.28324598,-1.8720864,-0.88434845,0.26878724,-1.0374873,-0.5013822,0.4909517,-1.9488736,-1.969765,0.6236488,-1.6404665,-1.5502589,0.68859255,-1.3631201,-1.2410568,0.68483514,-0.6334031,-0.75496274
4.8718366e-06,1.0742074e-06,9.039271e-06,-1.8171705,-1.4341455,-0.37278917,-1.6717929,-0.88616467,-0.025099277,-1.2990217,-0.15468761,0.25551024,-0.6457358,0.5504136,0.33558008,-1.1842436,-2.8797925,-1.0532347,-1.0067979,-2.5068989,-0.722468,-0.78847945,-2.0202377,-0.3216583,-0.6450886,-1.174576,0.029410705,-0.5973829,-3.3988523,-1.5392039,-0.39692068,-2.811534,-1.1180681,-0.23169339,-2.143598,-0.68161273,-0.1483372,-1.2106802,-0.29601613,-0.07908234,-2.9258997,-1.9019957,0.095048055,-2.4038234,-1.4392843,0.24432617,-1.8494164,-0.97522414,0.24870445,-1.0327755,-0.56472594,0.39286792,-1.8906641,-2.0975485,0.54591924,-1.5939118,-1.6760058,0.6276485,-1.3284035,-1.3591658,0.64881665,-0.6133898,-0.8393997
5.454149e-06,1.4941334e-06,1.03036145e-05,-1.6305327,-1.4390373,-0.4043364,-1.569625,-0.89210427,0.003183663,-1.229221,-0.15513265,0.29071042,-0.5979538,0.55516016,0.3622877,-1.1792693,-2.6065354,-1.229847,-1.0294633,-2.3423948,-0.8669965,-0.81325114,-1.9498457,-0.4001257,-0.6778184,-1.1188225,0.015355736,-0.73324555,-3.0300765,-1.6942701,-0.5184438,-2.6299176,-1.2503334,-0.32387927,-2.08773,-0.7704208,-0.19480143,-1.1806045,-0.29897428,-0.24878755,-2.666727,-1.9735589,-0.03925118,-2.3218806,-1.4945439,0.14856449,-1.8543353,-1.0096266,0.20930013,-1.0260301,-0.5510642,0.24532095,-1.8811728,-2.0531669,0.43324152,-1.6210917,-1.6213467,0.5560895,-1.3779633,-1.3009777,0.63293314,-0.62600875,-0.7934899
5.362356e-06,1.715659e-06,1.0033157e-05,-1.5279346,-1.4572961,-0.56065893,-1.5289929,-0.9199239,-0.1069524,-1.2173944,-0.18308085,0.22078097,-0.6120651,0.5356797,0.3535421,-1.0675477,-2.4927459,-1.2985301,-0.9628409,-2.2904105,-0.95007527,-0.7690146,-1.9470413,-0.46030623,-0.6581125,-1.1187488,-0.030964367,-0.6078248,-2.9834638,-1.773454,-0.42476392,-2.6181629,-1.3249863,-0.2597751,-2.0751395,-0.82224953,-0.16615501,-1.167506,-0.32347232,-0.12856546,-2.630011,-2.050588,0.06260407,-2.3153257,-1.5468522,0.2217648,-1.848877,-1.0358539,0.24571563,-1.0065765,-0.55296695,0.34275654,-1.8389777,-2.0897052,0.5231998,-1.5930028,-1.6257173,0.63092124,-1.3524876,-1.2862506,0.6746045,-0.5989246,-0.76236695
5.4453467e-06,1.78966e-06,9.6100885e-06,-1.5420535,-1.4407592,-0.5404867,-1.535332,-0.90435445,-0.08398166,-1.2140503,-0.17527153,0.23970965,-0.6029295,0.5352403,0.3656381,-1.1120791,-2.3815901,-1.2834983,-1.0076852,-2.2325292,-0.94452465,-0.795801,-1.9340109,-0.45014942,-0.6575749,-1.1175343,-0.0152359605,-0.6570521,-2.9221892,-1.7636132,-0.4657539,-2.5830004,-1.3247325,-0.28773755,-2.0641577,-0.8254981,-0.17181963,-1.16561,-0.31538194,-0.1719361,-2.576852,-2.047626,0.026316404,-2.287067,-1.5525904,0.19698958,-1.8415127,-1.0469384,0.23686223,-1.0076494,-0.55209816,0.30860722,-1.7987503,-2.0944295,0.49656007,-1.5706985,-1.6408571,0.6116002,-1.3413136,-1.3013158,0.66294163,-0.60192835,-0.76719147
5.6237245e-06,2.4583267e-06,9.760679e-06,-1.5398834,-1.4750822,-0.41394204,-1.5303391,-0.91678536,0.015165865,-1.2017009,-0.16854176,0.29059422,-0.59088725,0.552342,0.36299804,-1.1490438,-2.4287705,-1.123308,-1.0395577,-2.27765,-0.8021674,-0.81143576,-1.9615724,-0.32936022,-0.6568931,-1.1196897,0.060171038,-0.6998998,-3.0415788,-1.5826366,-0.50026935,-2.6632988,-1.1772273,-0.3095296,-2.1082077,-0.71217304,-0.18080953,-1.1797601,-0.2542947,-0.22274321,-2.6957736,-1.898301,-0.0158588,-2.3707106,-1.4341278,0.16660379,-1.8963315,-0.964616,0.21978007,-1.0339888,-0.5131479,0.24376214,-1.8993125,-2.0109406,0.44429514,-1.6499043,-1.5807483,0.5712845,-1.403523,-1.2581946,0.63764715,-0.63817304,-0.7617169
6.0520106e-06,2.221569e-06,1.006092e-05,-1.528611,-1.5128272,-0.43754596,-1.5123664,-0.96628183,0.009816587,-1.1935921,-0.2157487,0.3124598,-0.59419274,0.53095627,0.40622124,-1.1768146,-2.3438344,-1.199017,-1.0599269,-2.240856,-0.87693644,-0.8044834,-1.971629,-0.38869607,-0.6380118,-1.1487967,0.041360077,-0.74019593,-2.9206793,-1.7016668,-0.5256232,-2.5906215,-1.2901598,-0.3114279,-2.0900545,-0.80099666,-0.16866037,-1.1857011,-0.29809996,-0.28185454,-2.5809147,-2.0280657,-0.049961597,-2.2988608,-1.5547267,0.15502144,-1.8564078,-1.0642164,0.220649,-1.015504,-0.56969106,0.17164266,-1.7878051,-2.1313117,0.39267537,-1.5671871,-1.6991578,0.5384872,-1.3449265,-1.36469,0.61942077,-0.6032394,-0.82561064
6.418821e-06,2.9964467e-06,8.392859e-06,-1.5205474,-1.4729564,-0.21346986,-1.5016773,-0.90522504,0.19106731,-1.165045,-0.13795456,0.39866397,-0.5537574,0.5739568,0.37258714,-1.2090772,-2.5951939,-0.95185065,-1.0670022,-2.3555896,-0.62793845,-0.8337541,-1.9528584,-0.20393395,-0.6713141,-1.0903958,0.1373195,-0.8054215,-3.1809363,-1.3869774,-0.5791143,-2.7427053,-1.008744,-0.36909062,-2.1305115,-0.5894773,-0.21683368,-1.1739125,-0.19413143,-0.33773112,-2.8435907,-1.7097192,-0.11900863,-2.4546742,-1.2897576,0.08518865,-1.9371057,-0.86885506,0.17018196,-1.0514174,-0.47588983,0.127191,-2.0397694,-1.8659606,0.3425656,-1.7519698,-1.4754535,0.48032063,-1.4702206,-1.1886998,0.5817184,-0.67256767,-0.7555448
5.621312e-06,1.7171744e-06,8.011195e-06,-1.6847003,-1.3992304,-0.22466138,-1.5776386,-0.869092,0.16045779,-1.2030244,-0.14539292,0.39432874,-0.57566535,0.5377344,0.39746323,-1.2202775,-2.7151513,-0.9749887,-1.0369649,-2.3937128,-0.658126,-0.8068172,-1.9440906,-0.27007976,-0.63664085,-1.1213288,0.082275674,-0.73766696,-3.2850754,-1.4892709,-0.50453055,-2.7470372,-1.0875386,-0.30922654,-2.0894523,-0.6647351,-0.1845425,-1.1673775,-0.26697496,-0.25423223,-2.8488162,-1.8381822,-0.044574305,-2.3707776,-1.4056318,0.14113897,-1.8342217,-0.9665459,0.18897754,-1.0085144,-0.5536371,0.21257421,-1.891679,-2.0178628,0.40070426,-1.5971295,-1.6161011,0.50520027,-1.3256463,-1.3208424,0.5731163,-0.60084206,-0.83097625
5.4047223e-06,1.9380132e-06,7.919807e-06,-1.6536806,-1.3682495,-0.3019021,-1.5735308,-0.8359578,0.09189886,-1.2091393,-0.11623049,0.33713925,-0.575735,0.5526341,0.3614752,-1.2261614,-2.6296005,-0.9867941,-1.0567555,-2.344419,-0.6653929,-0.83183664,-1.9195371,-0.2669804,-0.6570077,-1.0967139,0.0774046,-0.74527836,-3.240715,-1.4694946,-0.5176871,-2.7293875,-1.0650879,-0.32544827,-2.0812538,-0.641459,-0.19420606,-1.1593819,-0.2460633,-0.2412675,-2.8083358,-1.7928802,-0.040193155,-2.3657916,-1.3639892,0.14247999,-1.8477582,-0.9241188,0.19419564,-1.0173241,-0.51550424,0.24533185,-1.8883363,-1.9592202,0.4281543,-1.6128346,-1.5586839,0.531691,-1.3505145,-1.2593193,0.59855837,-0.62502456,-0.7773092
4.4842736e-06,2.1291225e-06,8.2063225e-06,-1.7217569,-1.4183779,-0.32285306,-1.6312442,-0.84465337,0.0013788342,-1.2692623,-0.0930949,0.21024692,-0.62430984,0.5961031,0.23565955,-1.1973594,-2.8022885,-0.7331983,-1.0419662,-2.4556017,-0.45002463,-0.83658266,-1.9755819,-0.101411104,-0.67192054,-1.1166022,0.14981163,-0.620792,-3.5093286,-1.0960691,-0.4270631,-2.8925483,-0.7541326,-0.27155095,-2.1673183,-0.40916836,-0.1741372,-1.2099138,-0.13785084,-0.08495444,-3.1361022,-1.4790155,0.08583486,-2.5580459,-1.084382,0.22960375,-1.9542322,-0.6958375,0.23615792,-1.0848686,-0.40076995,0.41495454,-2.1657894,-1.7789037,0.5636024,-1.8128555,-1.382891,0.6397987,-1.4981917,-1.1011243,0.65840346,-0.7190149,-0.6927778
5.725969e-06,2.7670321e-06,8.225839e-06,-1.4831002,-1.4675586,-0.28746745,-1.491305,-0.9106542,0.105679154,-1.1839988,-0.15131465,0.3297807,-0.58934647,0.55588603,0.32635462,-1.0845624,-2.7162275,-0.9583799,-0.9495095,-2.4089012,-0.6294499,-0.7609533,-1.9540565,-0.22389852,-0.64198977,-1.0977527,0.10333525,-0.6190915,-3.2760973,-1.3771405,-0.42472416,-2.7814906,-0.983324,-0.2655496,-2.1202242,-0.5740379,-0.16924182,-1.1706315,-0.19738702,-0.13739845,-2.8852448,-1.6790959,0.042802677,-2.4482114,-1.2534422,0.19856705,-1.9073478,-0.833176,0.22823556,-1.0363858,-0.45459202,0.31389055,-2.0157688,-1.826264,0.48978478,-1.7133977,-1.4297619,0.58891165,-1.4264286,-1.1426077,0.6398209,-0.6491464,-0.71001637
5.8031706e-06,2.4468175e-06,9.418235e-06,-1.5694399,-1.4863255,-0.33666676,-1.5369678,-0.9269592,0.068226755,-1.2063739,-0.16700906,0.32574385,-0.59603125,0.55417556,0.35924637,-1.1562124,-2.644547,-1.1193299,-1.0076195,-2.3909454,-0.7650211,-0.79297733,-1.976484,-0.31555492,-0.6575071,-1.1234938,0.06353582,-0.6875964,-3.2125592,-1.5630217,-0.4748292,-2.7493093,-1.1389728,-0.29440975,-2.1257007,-0.68562794,-0.17992981,-1.1855443,-0.2535986,-0.20400628,-2.8242397,-1.8647178,-0.0019938052,-2.4204264,-1.4034045,0.17514,-1.9022243,-0.94414455,0.21984988,-1.0373815,-0.5157892,0.26103872,-1.9556394,-1.9832633,0.45510805,-1.6730696,-1.5593214,0.5706949,-1.4059279,-1.2511148,0.63582224,-0.6353322,-0.76990485
5.5370892e-06,1.8997505e-06,1.0054289e-05,-1.6319857,-1.4496894,-0.3789604,-1.5661885,-0.9075237,0.0399763,-1.2146034,-0.17455603,0.31915188,-0.59816164,0.53335637,0.3869842,-1.1698422,-2.5771928,-1.2272967,-1.0114291,-2.3457322,-0.8652786,-0.7903218,-1.9585626,-0.40096635,-0.6498263,-1.1294175,0.015900057,-0.69597125,-3.1025968,-1.71062,-0.47816402,-2.667403,-1.2659239,-0.2900833,-2.0854394,-0.7828678,-0.1738583,-1.1715996,-0.30839527,-0.21192616,-2.7038734,-2.0060306,-0.0045142174,-2.332753,-1.5247339,0.17863977,-1.8444546,-1.0362592,0.22225322,-1.0086194,-0.56754434,0.26695848,-1.8406609,-2.0899758,0.45963842,-1.577698,-1.6484569,0.571803,-1.3316152,-1.3298174,0.6321532,-0.5937301,-0.8078266
5.1753973e-06,6.5338554e-07,1.0623117e-05,-1.695581,-1.4226271,-0.5227306,-1.6041906,-0.90991086,-0.08055201,-1.2480167,-0.19636935,0.25878805,-0.62445265,0.5117612,0.40028593,-1.1790434,-2.549016,-1.3666806,-1.0107687,-2.321251,-0.99272335,-0.7846987,-1.953262,-0.516013,-0.63936275,-1.1537694,-0.0566331,-0.64648426,-3.0682905,-1.8721454,-0.43433118,-2.6145422,-1.4006028,-0.25463626,-2.0473936,-0.8896789,-0.15310389,-1.1686596,-0.38391778,-0.1491901,-2.6610136,-2.1754131,0.051801473,-2.263238,-1.6573727,0.22377005,-1.7786194,-1.1352545,0.24341115,-0.97692627,-0.634624,0.33171165,-1.726706,-2.2406483,0.5117148,-1.4712336,-1.7725124,0.61086833,-1.235729,-1.4319441,0.64646953,-0.5420105,-0.86090964
5.125935e-06,-2.3943585e-08,1.0923069e-05,-1.730329,-1.3725297,-0.5541757,-1.6298602,-0.8743425,-0.09833193,-1.2554888,-0.17844921,0.25835666,-0.61514074,0.5115289,0.41696936,-1.2330399,-2.4733126,-1.4556403,-1.0611657,-2.2610166,-1.0728996,-0.82683474,-1.9186934,-0.58368814,-0.66306496,-1.1408149,-0.094106026,-0.7096386,-2.9798694,-1.9745744,-0.49121794,-2.5513806,-1.4899181,-0.29649925,-2.0142596,-0.95867276,-0.1759554,-1.153253,-0.4218773,-0.19971824,-2.5831618,-2.2664351,0.008859396,-2.2103841,-1.7337904,0.18985082,-1.7462003,-1.1940013,0.22505133,-0.96223664,-0.6671381,0.3121091,-1.6650001,-2.302529,0.49252543,-1.4241276,-1.8250363,0.59238625,-1.2031368,-1.4742304,0.63755196,-0.5289061,-0.88005316
6.1424644e-06,-6.887981e-07,1.055033e-05,-1.8248543,-1.4335638,-0.3891757,-1.645367,-0.94213676,0.039143562,-1.2446148,-0.2540883,0.38335982,-0.6036034,0.45822886,0.51142246,-1.282614,-2.5592933,-1.4370074,-1.0706166,-2.3033078,-1.0684695,-0.79880476,-1.9447099,-0.6031986,-0.6154846,-1.1885775,-0.09534605,-0.77165765,-2.9573283,-2.044772,-0.52079093,-2.5099075,-1.5630498,-0.29734224,-1.9857908,-1.0377418,-0.16437492,-1.149538,-0.48358506,-0.30686176,-2.5130894,-2.391871,-0.06667408,-2.1160505,-1.8588493,0.14445283,-1.6562386,-1.316536,0.19344832,-0.91330576,-0.7650998,0.15673673,-1.5352273,-2.458966,0.36545596,-1.2905717,-1.9872849,0.4825403,-1.0758086,-1.6397158,0.5498375,-0.44078377,-1.008754
6.5574973e-06,-1.009791e-06,1.0561109e-05,-1.8609478,-1.4911604,-0.34835178,-1.6584735,-0.99508846,0.06424457,-1.2580386,-0.29785767,0.4132433,-0.61688346,0.43909994,0.53888386,-1.2665384,-2.695753,-1.473957,-1.0431242,-2.3821683,-1.0938535,-0.77139956,-1.9842172,-0.6295818,-0.5981953,-1.221987,-0.11524548,-0.75279564,-3.0096476,-2.1100712,-0.4968558,-2.530752,-1.6137336,-0.27216893,-1.997136,-1.0807378,-0.15213479,-1.1575794,-0.5219068,-0.30302805,-2.530389,-2.481775,-0.05962521,-2.0983987,-1.9282321,0.15212312,-1.6258297,-1.3713782,0.19196041,-0.8973517,-0.811801,0.13405055,-1.4884146,-2.5450683,0.34227636,-1.2419791,-2.0689094,0.45820463,-1.0240556,-1.7142947,0.52638733,-0.40370467,-1.0644021
7.0404603e-06,3.5044882e-06,9.263218e-06,-1.6016701,-1.5529276,0.083894074,-1.510427,-0.96100116,0.39987037,-1.1586249,-0.1569476,0.52424085,-0.5632815,0.5888078,0.39023304,-1.2623887,-2.8849623,-0.66591585,-1.0569977,-2.5364788,-0.37167063,-0.7933477,-2.0385602,-0.011180475,-0.6278049,-1.1394454,0.26063526,-0.82875395,-3.4381793,-1.1189786,-0.5697497,-2.8898604,-0.78467536,-0.33987245,-2.2083066,-0.4272752,-0.19272064,-1.2246091,-0.124508195,-0.3921219,-3.096141,-1.5432817,-0.14164487,-2.5936525,-1.1584809,0.08500484,-1.9943385,-0.782177,0.16190283,-1.0925568,-0.46220702,0.051463068,-2.2026246,-1.8354708,0.27567106,-1.8483454,-1.4666462,0.41787383,-1.5339267,-1.2165085,0.5229913,-0.7108563,-0.8205114
6.2356958e-06,2.5660647e-06,9.588458e-06,-1.5693018,-1.5752529,-0.17237994,-1.505481,-1.0129495,0.19836348,-1.1833749,-0.22530982,0.41899505,-0.60439974,0.5378538,0.39639747,-1.1417881,-2.8313754,-0.96726024,-0.9595561,-2.5077062,-0.6329224,-0.72973037,-2.0387487,-0.2220475,-0.6032388,-1.1698159,0.1275329,-0.6517366,-3.3367977,-1.4321884,-0.43084687,-2.8088658,-1.0422138,-0.24602179,-2.157109,-0.62295085,-0.14460313,-1.2112644,-0.23494808,-0.2054677,-2.9491723,-1.804866,0.007147491,-2.4706168,-1.367606,0.19345668,-1.9064522,-0.9332151,0.22388878,-1.0406096,-0.5375824,0.21441227,-2.0148861,-2.0069842,0.41168365,-1.6911459,-1.5974299,0.5307039,-1.4010898,-1.3109303,0.5912949,-0.6229125,-0.84127605
5.941291e-06,2.165246e-06,9.6459935e-06,-1.6068013,-1.5633129,-0.21598431,-1.5330697,-1.0044271,0.15282851,-1.2060956,-0.2229269,0.3895311,-0.6168247,0.53630334,0.3878619,-1.1371936,-2.864308,-1.0022206,-0.9554727,-2.5215833,-0.6650646,-0.7323127,-2.0427628,-0.25259796,-0.6086521,-1.1770338,0.10234229,-0.6250915,-3.358643,-1.4733037,-0.41080678,-2.8129935,-1.0725756,-0.23397797,-2.1561959,-0.646186,-0.14103985,-1.2134576,-0.25400615,-0.16931817,-2.9484692,-1.8430988,0.034906417,-2.456921,-1.3955998,0.2111892,-1.8925639,-0.95234126,0.23296247,-1.0377129,-0.54998434,0.2548154,-1.989262,-2.0403764,0.442717,-1.6690642,-1.6241134,0.55309683,-1.3818449,-1.3304001,0.6056375,-0.615702,-0.84710777
5.6076824e-06,1.7116733e-06,9.932081e-06,-1.599396,-1.5785205,-0.32997948,-1.5331914,-1.0306164,0.054277003,-1.224253,-0.25510788,0.33116886,-0.6438442,0.51435864,0.38098073,-1.0662297,-2.8646924,-1.1143684,-0.8954296,-2.5234423,-0.761034,-0.6883321,-2.0501308,-0.33126464,-0.5882914,-1.1956776,0.048475154,-0.51651835,-3.3445945,-1.587679,-0.32288545,-2.7945077,-1.1625239,-0.17053406,-2.1402059,-0.7127732,-0.108219355,-1.2115358,-0.29654798,-0.056326598,-2.915771,-1.9440546,0.12817834,-2.4186172,-1.4694645,0.28055912,-1.8575959,-1.0013387,0.27013576,-1.0169826,-0.5773394,0.3507703,-1.9213904,-2.1081998,0.5230571,-1.6066289,-1.6751401,0.6183225,-1.3259435,-1.3647385,0.6417589,-0.57934767,-0.8551995
5.0718254e-06,9.294597e-07,1.0323327e-05,-1.5576403,-1.5193908,-0.58309877,-1.5210426,-1.0047574,-0.14118904,-1.2315226,-0.26299518,0.21804395,-0.6596395,0.48809585,0.37357032,-1.0115206,-2.6560912,-1.3741069,-0.8645202,-2.394864,-0.9915998,-0.67608017,-1.9951727,-0.514324,-0.586882,-1.1820579,-0.06403203,-0.43746704,-3.1602325,-1.8482172,-0.26519626,-2.6701503,-1.3758631,-0.13578583,-2.0635464,-0.87011385,-0.09058949,-1.1801783,-0.37764952,0.037492514,-2.723835,-2.1410904,0.20391202,-2.287399,-1.620645,0.33498442,-1.7795266,-1.1051855,0.30375016,-0.97123444,-0.6187391,0.44888014,-1.743304,-2.2092557,0.60878944,-1.4726537,-1.7415172,0.6928118,-1.2250321,-1.4007086,0.6919816,-0.52047807,-0.8388749
4.978332e-06,1.3188596e-06,9.746964e-06,-1.5975337,-1.5030344,-0.51198924,-1.5439277,-0.9717117,-0.097538054,-1.2391478,-0.22681376,0.22663426,-0.6505499,0.5111405,0.34944868,-1.0478045,-2.6852634,-1.2428741,-0.8992113,-2.41064,-0.87968224,-0.70586795,-1.9962883,-0.42533857,-0.6020635,-1.1695827,-0.01647418,-0.4779557,-3.2294044,-1.7035878,-0.3000538,-2.719464,-1.2539287,-0.1641141,-2.0900161,-0.77853245,-0.10715489,-1.1884367,-0.32701552,0.0050342977,-2.7861197,-2.0100844,0.1734747,-2.3357418,-1.5173221,0.3096452,-1.8172812,-1.0263959,0.28961265,-0.99694955,-0.5742446,0.4303481,-1.8129075,-2.1226845,0.5913311,-1.5341524,-1.672699,0.67634183,-1.28101,-1.3443332,0.68411374,-0.5624124,-0.8102948
5.257852e-06,1.1679153e-06,9.346929e-06,-1.641659,-1.4584141,-0.47176653,-1.565809,-0.9377995,-0.052518368,-1.2368287,-0.20846765,0.27260283,-0.6280112,0.5113293,0.38383383,-1.1290307,-2.6570802,-1.2588973,-0.96334076,-2.3831007,-0.8956869,-0.7504508,-1.972192,-0.44285718,-0.6201836,-1.1572005,-0.023447283,-0.58542764,-3.1830354,-1.7561148,-0.38422835,-2.6841235,-1.3004314,-0.22357056,-2.0685735,-0.8187505,-0.13733372,-1.1755313,-0.34976825,-0.10260236,-2.721575,-2.0624695,0.085470796,-2.2900746,-1.571706,0.2443795,-1.790229,-1.0770185,0.2533819,-0.9862166,-0.6054507,0.33832997,-1.7559088,-2.1644297,0.51463413,-1.4951894,-1.7230091,0.61118054,-1.2538738,-1.3937769,0.6467539,-0.5527026,-0.8435817
5.6563513e-06,5.762156e-07,9.376e-06,-1.6931303,-1.4253402,-0.48101622,-1.5885509,-0.92625904,-0.03707835,-1.2349207,-0.2165372,0.31389156,-0.610407,0.4941977,0.43955138,-1.2105851,-2.5895624,-1.3674879,-1.0239179,-2.3331149,-0.99507153,-0.786588,-1.9470965,-0.5256162,-0.63277,-1.1558903,-0.06452213,-0.6925801,-3.0847,-1.9232806,-0.46377546,-2.6117752,-1.4427509,-0.27471018,-2.0258753,-0.92931646,-0.16205935,-1.1575632,-0.4130012,-0.21682614,-2.6075487,-2.2274806,-0.0013930202,-2.2064242,-1.7148542,0.18504407,-1.7328621,-1.1922928,0.22008938,-0.954971,-0.67490846,0.2334271,-1.638935,-2.2888978,0.43163696,-1.4027749,-1.8356838,0.54337156,-1.1800947,-1.4965639,0.60797596,-0.50929034,-0.9066976
5.4502398e-06,4.6464538e-07,9.1277925e-06,-1.7081498,-1.4022436,-0.51664585,-1.5974383,-0.91219646,-0.06764111,-1.2426882,-0.21844262,0.29590213,-0.6168606,0.48009747,0.4415527,-1.1829858,-2.5590115,-1.4289262,-1.0022469,-2.3076901,-1.0520425,-0.7732223,-1.9308734,-0.57723165,-0.624568,-1.1537018,-0.098312035,-0.6579567,-3.030971,-1.9971925,-0.43639487,-2.5704625,-1.5046284,-0.25432485,-2.0002182,-0.97706074,-0.15035391,-1.1449771,-0.43925613,-0.1745376,-2.5392554,-2.2800217,0.030627966,-2.15122,-1.7596649,0.20719554,-1.6935347,-1.2273932,0.23376273,-0.93610805,-0.69110024,0.27996206,-1.5642717,-2.313527,0.46847525,-1.3418978,-1.8576776,0.5710179,-1.1299394,-1.5136211,0.6222104,-0.48360935,-0.9063351
5.417942e-06,6.475191e-07,9.558737e-06,-1.6974063,-1.4057771,-0.48354763,-1.5981122,-0.90490055,-0.043456435,-1.241265,-0.19725507,0.3013709,-0.61024463,0.5033763,0.42563254,-1.208421,-2.5995111,-1.3900311,-1.0263305,-2.3344247,-1.0111637,-0.7970474,-1.9379693,-0.5358458,-0.64775866,-1.1442924,-0.07431809,-0.6905974,-3.090362,-1.9281607,-0.46583053,-2.6171386,-1.4419675,-0.28137794,-2.0301528,-0.9266536,-0.17002067,-1.1544019,-0.4103134,-0.19650036,-2.622034,-2.2140212,0.0091281235,-2.2208676,-1.7008101,0.18768859,-1.743756,-1.1778226,0.22125793,-0.96093094,-0.66347003,0.27452886,-1.6625851,-2.2607124,0.46106386,-1.424288,-1.8082985,0.5644607,-1.1982244,-1.470329,0.6223914,-0.5222702,-0.8857512
5.140604e-06,3.6681286e-07,9.154386e-06,-1.6886151,-1.3958385,-0.5398516,-1.589816,-0.9108137,-0.09176928,-1.2444658,-0.21958926,0.27492023,-0.624059,0.4764693,0.42954308,-1.1448689,-2.5685437,-1.45259,-0.9729007,-2.308899,-1.0724406,-0.75561476,-1.9242489,-0.59379923,-0.61976326,-1.1499561,-0.114714034,-0.60262674,-3.0391152,-2.0027978,-0.39577377,-2.5701287,-1.507335,-0.22928375,-1.9952763,-0.98032475,-0.13973892,-1.1392392,-0.4435145,-0.10885343,-2.549133,-2.271958,0.07763055,-2.151226,-1.7511041,0.23776369,-1.6882675,-1.2191789,0.24863935,-0.9311714,-0.6858354,0.34687454,-1.5657172,-2.2931256,0.51768965,-1.3385849,-1.839942,0.608274,-1.1237386,-1.4950377,0.64058673,-0.4797073,-0.89019984
5.8379364e-06,1.1548457e-06,9.673386e-06,-1.6119275,-1.4771092,-0.42817378,-1.5390754,-0.9661581,0.010978162,-1.2063534,-0.23730887,0.33847728,-0.6070982,0.4916963,0.43608534,-1.1578009,-2.6007767,-1.3296428,-0.981278,-2.351757,-0.95908546,-0.75085866,-1.9612042,-0.48719022,-0.6151724,-1.1573708,-0.033938974,-0.6579616,-3.0756493,-1.8522443,-0.43739766,-2.621505,-1.3903049,-0.25464386,-2.042861,-0.8901936,-0.14853099,-1.162345,-0.38104504,-0.19347888,-2.62938,-2.152487,0.01607135,-2.2400832,-1.6577938,0.1987558,-1.7604408,-1.1515974,0.23042595,-0.9645417,-0.64646924,0.24406344,-1.6948588,-2.2220802,0.43993255,-1.4466382,-1.7800348,0.5538505,-1.2160239,-1.4510473,0.6130275,-0.52189183,-0.8833642
5.595902e-06,1.290226e-06,1.0380709e-05,-1.611995,-1.4998533,-0.42814687,-1.5491819,-0.97359174,0.0015195608,-1.2186277,-0.22713119,0.3133196,-0.62131,0.5122915,0.40408778,-1.1289572,-2.6903331,-1.2907047,-0.9603158,-2.4104571,-0.91605574,-0.7460317,-1.990546,-0.45044002,-0.6250534,-1.164607,-0.013906896,-0.6177654,-3.1690514,-1.7767632,-0.40979362,-2.6868193,-1.321766,-0.23806632,-2.0853841,-0.8315577,-0.14540356,-1.1816353,-0.34993967,-0.14386562,-2.758934,-2.0866435,0.056010604,-2.3318532,-1.5872344,0.22582139,-1.8173138,-1.0887046,0.2436104,-0.9922296,-0.6131372,0.30201292,-1.8208433,-2.1731937,0.4862406,-1.5406553,-1.7240558,0.5915156,-1.2840852,-1.3984833,0.63630855,-0.5575663,-0.85656697
5.620239e-06,2.993325e-06,9.901304e-06,-1.5099844,-1.5183097,-0.3063477,-1.503401,-0.951772,0.0940969,-1.1883949,-0.18493798,0.3271528,-0.60091674,0.5462867,0.34922957,-1.0837631,-2.6140647,-1.0652375,-0.95257413,-2.3846335,-0.72315705,-0.7481771,-1.9846427,-0.2769977,-0.63091254,-1.1256757,0.089871,-0.62783486,-3.1480508,-1.4957156,-0.43025407,-2.7218626,-1.0922072,-0.25491726,-2.1267073,-0.6445674,-0.15474063,-1.1828567,-0.22246744,-0.15596265,-2.804279,-1.8045456,0.039578706,-2.4266353,-1.3515255,0.21067815,-1.9119017,-0.89937454,0.2411925,-1.0375233,-0.48561037,0.30612403,-1.983607,-1.9247999,0.4909985,-1.6916595,-1.5055109,0.6013276,-1.4179977,-1.2039274,0.6484786,-0.6367131,-0.74312186
6.075823e-06,2.8630475e-06,9.703317e-06,-1.5778794,-1.4901527,-0.23138285,-1.5333208,-0.92242587,0.16783231,-1.1839559,-0.16248801,0.3862696,-0.5743373,0.5569755,0.3835212,-1.1715608,-2.614637,-1.0325422,-1.0255209,-2.372227,-0.7012744,-0.79905593,-1.9778633,-0.2650469,-0.6525167,-1.1185988,0.10772203,-0.75576824,-3.1176255,-1.4943377,-0.5348875,-2.7022152,-1.0998387,-0.32939443,-2.126289,-0.6567994,-0.1911966,-1.1840907,-0.22860812,-0.29019135,-2.7837393,-1.8182588,-0.072306156,-2.4182978,-1.3757414,0.12641999,-1.911576,-0.92871463,0.1954317,-1.0426983,-0.50910634,0.18748504,-1.9939944,-1.9535275,0.39082918,-1.7011163,-1.5405481,0.51895523,-1.4307158,-1.246539,0.59991443,-0.64571655,-0.7835784
6.0341868e-06,2.6124922e-06,9.532514e-06,-1.6227496,-1.462412,-0.24439314,-1.5579906,-0.9021797,0.15393469,-1.1982672,-0.15132843,0.3857229,-0.57274246,0.55734265,0.38937527,-1.2084658,-2.6434708,-1.0751251,-1.0474452,-2.3765013,-0.73485243,-0.81773967,-1.9669096,-0.29735902,-0.66495806,-1.1158303,0.08638713,-0.78973067,-3.1112318,-1.5514302,-0.56034005,-2.690087,-1.1418436,-0.3485055,-2.114527,-0.68947303,-0.20257005,-1.1821027,-0.25035807,-0.31534082,-2.7539878,-1.8625133,-0.09431839,-2.3897178,-1.4172099,0.1090873,-1.8890812,-0.95950645,0.18599315,-1.0379238,-0.5278444,0.1802001,-1.9556988,-1.9840448,0.3809763,-1.6727271,-1.570722,0.507286,-1.4074837,-1.2742411,0.59509724,-0.6381451,-0.7969778
6.0064585e-06,3.0180431e-06,9.396819e-06,-1.5393621,-1.5054972,-0.1694316,-1.507433,-0.93723017,0.2106156,-1.1741214,-0.16868326,0.40509593,-0.5795057,0.554053,0.36995858,-1.1233165,-2.7120707,-0.9685917,-0.97205716,-2.4232504,-0.6386914,-0.76154304,-1.9827311,-0.22113352,-0.63619167,-1.1172391,0.12652194,-0.69512045,-3.2340295,-1.4171367,-0.4792543,-2.7685843,-1.024406,-0.28857073,-2.1410108,-0.59855556,-0.1751196,-1.1835306,-0.20462136,-0.22780663,-2.8793244,-1.7374816,-0.02252549,-2.4657986,-1.3058078,0.16134709,-1.9235823,-0.87531304,0.20940773,-1.043882,-0.4850036,0.24135828,-2.0474973,-1.8824275,0.43012437,-1.7308319,-1.4795169,0.54455817,-1.4404548,-1.1999665,0.60770154,-0.6479649,-0.7626531
6.0644393e-06,3.0461015e-06,9.185105e-06,-1.5929971,-1.4682814,-0.13870174,-1.5401884,-0.89474636,0.22897053,-1.1845648,-0.1312845,0.40926588,-0.56910485,0.5742919,0.35989386,-1.1965024,-2.7063804,-0.9070328,-1.035069,-2.4150968,-0.58497345,-0.81091225,-1.9720696,-0.17923404,-0.65962887,-1.1045598,0.15029377,-0.7700465,-3.2603903,-1.3489393,-0.5415509,-2.7844152,-0.966864,-0.33649108,-2.1473765,-0.555672,-0.20003757,-1.1861572,-0.18234208,-0.29067767,-2.9154105,-1.6834459,-0.075627,-2.488885,-1.2606071,0.120211884,-1.941208,-0.84115845,0.18683805,-1.0589089,-0.46786562,0.2005795,-2.0813696,-1.8543967,0.39451712,-1.7606938,-1.4583145,0.5134716,-1.470369,-1.1836237,0.5922247,-0.67550784,-0.7561712
5.7190864e-06,2.463797e-06,9.382454e-06,-1.60999,-1.4950669,-0.121979,-1.53775,-0.9364437,0.23640376,-1.1911613,-0.17523989,0.42047852,-0.5937784,0.54316777,0.37750316,-1.1113307,-2.8560095,-0.9436653,-0.939956,-2.487931,-0.6193005,-0.73651636,-1.9980713,-0.2256103,-0.61866313,-1.1394156,0.118691996,-0.6337019,-3.368932,-1.4060531,-0.42058027,-2.8238564,-1.0106827,-0.24811858,-2.1490998,-0.5995276,-0.1567964,-1.191024,-0.22295208,-0.15931553,-2.9834301,-1.7454594,0.03462045,-2.4881625,-1.3118994,0.19862829,-1.906192,-0.88927567,0.2213768,-1.0377692,-0.51082546,0.30262712,-2.0590043,-1.916332,0.47299215,-1.7105365,-1.5161388,0.56507367,-1.4088525,-1.2415124,0.6059723,-0.6298816,-0.79623425
5.7539664e-06,1.9624172e-06,9.218527e-06,-1.6537167,-1.4726409,-0.17501602,-1.5593677,-0.9269211,0.19662702,-1.2029309,-0.1778137,0.4128598,-0.59169513,0.53520983,0.3979268,-1.1566885,-2.8343203,-1.0141752,-0.97383463,-2.4671268,-0.6833798,-0.7576144,-1.9857625,-0.27987045,-0.62521327,-1.1438053,0.08551242,-0.6782164,-3.313358,-1.5111253,-0.45398057,-2.7787306,-1.0989791,-0.26991063,-2.1226616,-0.6686479,-0.16580078,-1.1857285,-0.26499128,-0.20668721,-2.9013958,-1.855402,-0.00028660893,-2.421405,-1.406,0.17489275,-1.8625172,-0.9613193,0.20921558,-1.021524,-0.5534435,0.25992694,-1.9626557,-2.009681,0.43854994,-1.638741,-1.6002734,0.5351143,-1.355972,-1.3134532,0.59103197,-0.6061983,-0.8344763
6.1193614e-06,2.0633045e-06,8.981226e-06,-1.6738813,-1.4545593,-0.13849062,-1.5622683,-0.9067464,0.23122829,-1.1914816,-0.16107507,0.44050798,-0.57243216,0.5450956,0.41237533,-1.2306151,-2.7795045,-0.96094894,-1.0365202,-2.4397562,-0.6388458,-0.7970825,-1.9786191,-0.24342437,-0.6354995,-1.1359851,0.11364872,-0.7734877,-3.274865,-1.4662417,-0.5315572,-2.7581391,-1.0716372,-0.3230395,-2.1173575,-0.6506441,-0.18801297,-1.1858976,-0.25136366,-0.31098923,-2.867843,-1.8283396,-0.0839231,-2.4065635,-1.3949772,0.116795644,-1.8654233,-0.960076,0.17984286,-1.0269941,-0.552814,0.15283948,-1.9479438,-2.010598,0.35444108,-1.6376386,-1.611294,0.4704585,-1.3650346,-1.3269725,0.55714554,-0.6179533,-0.8488616
6.507803e-06,2.9167459e-06,9.097821e-06,-1.6572852,-1.5109307,0.025514603,-1.5346048,-0.93135905,0.34698245,-1.175298,-0.16484267,0.4955195,-0.5722089,0.55646294,0.40258515,-1.2156692,-2.8024993,-0.7951758,-1.0172673,-2.473874,-0.49112767,-0.7632385,-2.010171,-0.112111256,-0.6050942,-1.1430286,0.20126127,-0.7843969,-3.296889,-1.2899466,-0.52961266,-2.7951853,-0.92459184,-0.30398467,-2.1621227,-0.5316903,-0.16721791,-1.2042705,-0.17480774,-0.33415678,-2.9157143,-1.6755403,-0.09667078,-2.4684143,-1.272777,0.120699525,-1.918492,-0.8664715,0.18794796,-1.0572835,-0.49701884,0.12607157,-2.0356061,-1.9102905,0.33586937,-1.7165248,-1.5345726,0.46123677,-1.430584,-1.2687867,0.54774183,-0.6560777,-0.82792586
6.734179e-06,3.2276016e-06,9.321634e-06,-1.5933087,-1.5196668,-0.049648285,-1.5234947,-0.93007624,0.31452298,-1.1661305,-0.15155792,0.47268558,-0.55856746,0.57482684,0.3927649,-1.2134937,-2.742192,-0.8470912,-1.0423996,-2.4511502,-0.5322913,-0.79667956,-2.0086591,-0.13020968,-0.6441104,-1.1214845,0.19343881,-0.8260343,-3.245927,-1.3165789,-0.5788897,-2.790423,-0.946014,-0.3492303,-2.1767452,-0.5386067,-0.19988644,-1.2010583,-0.16788097,-0.3767619,-2.9233751,-1.6779338,-0.13374457,-2.5161626,-1.2621729,0.08802475,-1.9675542,-0.8478589,0.17007104,-1.0694265,-0.47789812,0.095661104,-2.1194575,-1.8721147,0.31901115,-1.7966657,-1.4824101,0.45804322,-1.4994907,-1.213245,0.55725056,-0.6805667,-0.7959384
6.602072e-06,2.7909475e-06,1.0009236e-05,-1.5702701,-1.535487,-0.1919361,-1.5188509,-0.9612446,0.20953268,-1.1688626,-0.18552586,0.42400062,-0.56640637,0.55859375,0.4113989,-1.2027328,-2.6226501,-1.010406,-1.0529286,-2.389851,-0.6876664,-0.80411065,-2.003152,-0.24552543,-0.6514021,-1.1333157,0.1275979,-0.80476964,-3.1371672,-1.4822791,-0.57174504,-2.7200248,-1.098798,-0.34928128,-2.1462615,-0.65824085,-0.1997078,-1.196029,-0.2307619,-0.36279362,-2.8185642,-1.8294511,-0.1212503,-2.450267,-1.3897505,0.095246986,-1.9328538,-0.946797,0.17706342,-1.0481619,-0.5283105,0.09427148,-2.022445,-1.9856474,0.32334223,-1.7275821,-1.5766015,0.47055736,-1.4510427,-1.2826583,0.5699097,-0.64756984,-0.8213428
6.855029e-06,2.1437293e-06,1.0449714e-05,-1.5597491,-1.5809457,-0.28987136,-1.4955637,-1.0260562,0.14048931,-1.1615964,-0.2572433,0.41770244,-0.5762238,0.51493615,0.4627736,-1.2067862,-2.5517795,-1.1958923,-1.0427016,-2.3606648,-0.85345554,-0.7725354,-2.0082126,-0.37736046,-0.6224547,-1.1672194,0.057360645,-0.80014217,-2.9982693,-1.7104026,-0.5573426,-2.6232514,-1.2977796,-0.3258472,-2.0972872,-0.81670046,-0.1756561,-1.1905059,-0.31902683,-0.38022062,-2.6459234,-2.0522814,-0.12157822,-2.3251283,-1.5882512,0.108474314,-1.8472264,-1.1034849,0.18993226,-1.0057113,-0.6161138,0.050920844,-1.8274928,-2.1684773,0.29680544,-1.5769814,-1.7419112,0.45706785,-1.3331187,-1.4254228,0.5625848,-0.5746631,-0.89401305
6.2980384e-06,2.2971917e-06,1.0732681e-05,-1.5581663,-1.5732061,-0.31066865,-1.5084171,-1.0119747,0.10666335,-1.1815094,-0.24155368,0.37417552,-0.5977086,0.5222923,0.4197923,-1.1444637,-2.593777,-1.1779642,-0.99022347,-2.3819518,-0.8302017,-0.74725795,-2.0089939,-0.3580668,-0.61739403,-1.1631455,0.059772626,-0.71078664,-3.052174,-1.6687155,-0.48540932,-2.6590784,-1.2492933,-0.27809495,-2.1105864,-0.7709767,-0.15492822,-1.1937861,-0.29365245,-0.27129427,-2.7050748,-2.002663,-0.03589332,-2.3613575,-1.5300586,0.17018664,-1.8669771,-1.0443021,0.22266775,-1.016544,-0.5775659,0.17391449,-1.8792044,-2.115661,0.39409918,-1.6104462,-1.679505,0.5315703,-1.3561167,-1.3629501,0.60601723,-0.59130025,-0.8477653
6.274389e-06,2.9331113e-06,8.681234e-06,-1.6421502,-1.4267833,-0.086698115,-1.5623603,-0.8545711,0.279956,-1.1831589,-0.10372753,0.44859493,-0.546581,0.58134806,0.38254774,-1.2669003,-2.7056382,-0.86982214,-1.0920448,-2.4047742,-0.55685997,-0.8488481,-1.9620872,-0.16219181,-0.67411923,-1.0937713,0.1631423,-0.86350393,-3.226027,-1.3348848,-0.6193387,-2.7594142,-0.96272576,-0.39228857,-2.1423526,-0.5584779,-0.22667412,-1.1810359,-0.18355592,-0.38343585,-2.8741405,-1.681709,-0.1564166,-2.4651449,-1.2734996,0.058465607,-1.9346031,-0.8577795,0.1525009,-1.0607083,-0.47992358,0.121827364,-2.0635564,-1.866195,0.3260939,-1.7540816,-1.4832069,0.45464525,-1.4707022,-1.2085671,0.5569458,-0.68165296,-0.7789658
6.479488e-06,2.2282397e-06,8.321892e-06,-1.7176232,-1.4977065,0.0694381,-1.562973,-0.93309647,0.37995866,-1.1807059,-0.16844687,0.531024,-0.5660497,0.5533413,0.43044448,-1.2511508,-2.919076,-0.69968843,-1.0384531,-2.5306108,-0.42469105,-0.7769165,-2.0238566,-0.08611381,-0.602924,-1.1605388,0.20178962,-0.7773557,-3.4700484,-1.2365572,-0.52239823,-2.8649173,-0.8895412,-0.30611104,-2.1677887,-0.5239888,-0.17884357,-1.2113332,-0.20062338,-0.34402308,-3.0329125,-1.6829784,-0.11008215,-2.4913542,-1.2933741,0.10161195,-1.9024371,-0.89783144,0.15954815,-1.0491627,-0.54022765,0.07477158,-2.0426357,-1.9835687,0.28520212,-1.7062736,-1.6080025,0.4081182,-1.4060801,-1.3410043,0.4982233,-0.64102083,-0.89010775
5.8808682e-06,2.3851644e-06,8.269324e-06,-1.7156591,-1.4639724,-0.048469663,-1.5890644,-0.8975975,0.26725054,-1.2120805,-0.13788334,0.43553367,-0.58530986,0.5699783,0.37003183,-1.2364968,-2.876861,-0.70177615,-1.0449097,-2.5054638,-0.4263369,-0.80112636,-2.0084705,-0.08470437,-0.6300483,-1.1417973,0.18809113,-0.72981155,-3.4803493,-1.1862588,-0.49627882,-2.8734121,-0.8431426,-0.29969016,-2.165992,-0.48388827,-0.18029495,-1.2085459,-0.17848316,-0.2619844,-3.0487528,-1.6131335,-0.05061078,-2.5071154,-1.2265228,0.13923152,-1.9202679,-0.83454233,0.1836742,-1.0611991,-0.49506631,0.18015945,-2.0688004,-1.9173055,0.36948863,-1.7357461,-1.5379683,0.48080045,-1.437091,-1.2663331,0.5521508,-0.6685443,-0.827498
5.821379e-06,2.4731007e-06,8.455499e-06,-1.7167954,-1.4658997,-0.022333264,-1.5895613,-0.89872015,0.2793218,-1.2167315,-0.13552576,0.43772724,-0.589817,0.5730046,0.3606114,-1.2198479,-2.93082,-0.6744709,-1.0307024,-2.5302951,-0.40423068,-0.7924907,-2.013961,-0.070021555,-0.63079476,-1.1425602,0.19364333,-0.711609,-3.4907594,-1.1519058,-0.4841733,-2.8773866,-0.8153998,-0.29172814,-2.1725717,-0.4639197,-0.17759213,-1.2113107,-0.16993572,-0.24050194,-3.0601768,-1.5808668,-0.037491098,-2.5132327,-1.2010709,0.14668745,-1.9226912,-0.8158146,0.18795756,-1.0655085,-0.48607582,0.20827925,-2.0866601,-1.8904618,0.3855361,-1.7488405,-1.5187492,0.49121076,-1.4469681,-1.2521846,0.55671775,-0.6760144,-0.82074136
6.1197593e-06,2.433269e-06,8.294446e-06,-1.7229736,-1.4275247,-0.0021956563,-1.5832634,-0.87014866,0.31549758,-1.1980097,-0.12080016,0.47553182,-0.5636742,0.57065487,0.39158505,-1.2820387,-2.8537955,-0.7223664,-1.0777965,-2.4764333,-0.44324794,-0.82254124,-1.9810646,-0.09725188,-0.6390996,-1.1264913,0.18815172,-0.8175045,-3.3991413,-1.2303003,-0.56344616,-2.825138,-0.877636,-0.34440055,-2.1452,-0.5093702,-0.20043796,-1.1964471,-0.18604335,-0.35269308,-2.9752388,-1.647009,-0.12243557,-2.4661906,-1.2556572,0.08762245,-1.8972384,-0.8587899,0.15830621,-1.05392,-0.50648296,0.11890435,-2.0300214,-1.9208715,0.3161044,-1.710239,-1.5483736,0.4324458,-1.4186227,-1.281278,0.5256876,-0.66399497,-0.8377038
6.180412e-06,2.2057693e-06,8.417114e-06,-1.6970851,-1.4174149,0.0023297668,-1.5656576,-0.8660797,0.3366874,-1.1805183,-0.119196795,0.49563825,-0.54910254,0.56861025,0.40553826,-1.2937524,-2.8554378,-0.76580447,-1.0832847,-2.469937,-0.4774641,-0.83032805,-1.9672698,-0.12377128,-0.64933056,-1.1160636,0.17588028,-0.8545526,-3.3603432,-1.2776031,-0.5950265,-2.8005252,-0.916655,-0.3688876,-2.1335685,-0.5385604,-0.21478666,-1.1863532,-0.19835034,-0.39128038,-2.9440916,-1.6751014,-0.15657148,-2.4530728,-1.2817211,0.060974605,-1.8916218,-0.8798153,0.14463077,-1.046075,-0.5160694,0.08792254,-2.0218709,-1.919787,0.29092762,-1.7055676,-1.5465577,0.41140887,-1.4142661,-1.2805775,0.51686054,-0.656514,-0.83843976
5.915982e-06,2.2690226e-06,8.411758e-06,-1.7189872,-1.4120085,-0.07501596,-1.591153,-0.8579766,0.25707376,-1.2071706,-0.113545015,0.4357897,-0.56834745,0.5717224,0.3776104,-1.2735002,-2.8484337,-0.7912105,-1.0753806,-2.4685965,-0.4999339,-0.8314193,-1.9720348,-0.1419822,-0.6553544,-1.1187328,0.1569506,-0.80895126,-3.3679724,-1.2895617,-0.5616549,-2.8045514,-0.92299175,-0.3481251,-2.1355581,-0.5403393,-0.20571154,-1.1901506,-0.20141523,-0.33011353,-2.940959,-1.6798505,-0.10788931,-2.447729,-1.2791059,0.09528776,-1.8902702,-0.87136036,0.16520542,-1.0490464,-0.5071156,0.15248594,-2.0076692,-1.9240707,0.3443327,-1.697094,-1.5433161,0.45721644,-1.411703,-1.2700069,0.5478917,-0.6605551,-0.8203361
6.0828283e-06,2.41802e-06,8.384719e-06,-1.7361965,-1.4171262,-0.034555614,-1.5988582,-0.8541427,0.28568983,-1.2070183,-0.10565412,0.4506865,-0.5647603,0.58044845,0.37826815,-1.2997142,-2.8506556,-0.7387551,-1.0966326,-2.474159,-0.4548109,-0.84282094,-1.9802619,-0.103775024,-0.6570911,-1.1202394,0.18305999,-0.8390533,-3.392392,-1.2366338,-0.58311415,-2.8239236,-0.8797482,-0.36153823,-2.149029,-0.5079486,-0.21149446,-1.1976838,-0.18303987,-0.3648201,-2.9742548,-1.643824,-0.13189563,-2.4734979,-1.2485768,0.07916291,-1.9085329,-0.84985,0.15551712,-1.0607333,-0.49780458,0.11634141,-2.042643,-1.9127339,0.3174122,-1.72367,-1.5345411,0.43588543,-1.4355168,-1.2660632,0.53477365,-0.67586386,-0.82506514
